place_name,location,address,tag
میدان کتاب,"35.7774394, 51.355904",تهران، منطقه ۲، سرو، نزدیک بزرگراه ایت الله هاشمی رفسنجانی,highway
میدان کتاب,"35.7774067, 51.357276",تهران، منطقه ۲، سرو، نزدیک بزرگراه ایت الله هاشمی رفسنجانی,amenity
میدان کتاب,"35.7770394, 51.3559504",تهران، منطقه ۲، سرو، نزدیک بزرگراه ایت الله هاشمی رفسنجانی,railway
میدان کتاب,"35.7760298, 51.3564727",تهران، منطقه ۲، سرو، نزدیک بزرگراه ایت الله هاشمی رفسنجانی,railway
میدان کتاب,"35.7771717, 51.3559397",تهران، منطقه ۲، سرو، نزدیک بزرگراه ایت الله هاشمی رفسنجانی,highway
میدان کتاب,"35.7774561, 51.3556964",تهران، منطقه ۲، سرو، نزدیک بزرگراه ایت الله هاشمی رفسنجانی,highway
میدان کتابی,"35.7517663, 51.4443112",تهران، منطقه ۳، میرداماد، نزدیک بزرگراه شهید همت,junction
میدان کتابی,"35.7517329, 51.4440537",تهران، منطقه ۳، نزدیک بزرگراه شهید همت,junction
میدان کتابی,"35.7515385, 51.4443552",تهران، منطقه ۳، میرداماد، نزدیک بزرگراه شهید همت,junction
میدان کتابی,"35.7515225, 51.4440725",تهران، منطقه ۳، نزدیک بزرگراه شهید همت,junction
کتاب حمید,"35.7338471, 51.5371808",تهران، منطقه ۴، تهرانپارس غربی، نزدیک بزرگراه شهید سلیمانی,shop
کتاب دیدار,"35.7765603, 51.4652787",تهران، منطقه ۴، پاسداران - ضرابخانه، نزدیک پاسداران,shop
شهر کتاب امید,"35.7598598, 51.5325657",تهران، منطقه ۴، قنات کوثر - شهرک امید، نزدیک بزرگراه شهید باقری,shop
ایستگاه متروی میدان کتاب,"35.77709245, 51.35631578634149",تهران، منطقه ۲، سرو، نزدیک بزرگراه ایت الله هاشمی رفسنجانی,building
شهرکتاب امید,"35.759873, 51.5325013",تهران، منطقه ۴، قنات کوثر - شهرک امید، نزدیک بزرگراه شهید باقری,shop
میدان بازار دوم,"35.6375847, 51.4011896",تهران، منطقه ۱۶، نزدیک نیکنام,highway
بازارچه میدان ازادی,"35.7001828, 51.33322085881337",تهران، منطقه ۵، شهرک اپادانا، نزدیک بزرگراه شهید لشگری,shop
میدان جانبازان,"35.6626823, 51.3088024",تهران، منطقه ۱۸، شمس اباد، نزدیک بلوار الغدیر,leisure
بازار روز میدان دریاچه,"35.7467648, 51.2003567",تهران، منطقه ۲۲، دریاچه، نزدیک بزرگراه همدانی,shop
میدان ازادی,"35.6998261, 51.3409008",تهران، استاد معین، نزدیک بلوار علیرضا عزیزی,junction
میدان ازادی,"35.7015819, 51.3357073",تهران,junction
میدان ازادی,"35.6988134, 51.3387406",تهران، منطقه ۹، استاد معین، نزدیک محمدرضا محمدخانی,junction
میدان ازادی,"35.6990329, 51.3393512",تهران، استاد معین، نزدیک محمدرضا محمدخانی,junction
میدان ازادی,"35.7007653, 51.3380257",تهران، منطقه ۹، نزدیک بلوار علیرضا عزیزی,junction
میدان ازادی,"35.700622, 51.3347366",تهران، نزدیک معراج,junction
میدان ازادی,"35.6979494, 51.3397298",تهران، منطقه ۹، استاد معین، نزدیک محمدرضا محمدخانی,junction
میدان ازادی,"35.6988517, 51.3359382",تهران، نزدیک معراج,junction
میدان ازادی,"35.6976764, 51.3363045",تهران، منطقه ۹، استاد معین، نزدیک حجاج,junction
میدان ازادی,"35.69970555, 51.33750394211065",تهران، نزدیک ازادی,place
میدان ازادی,"35.6996058, 51.3344415",تهران، منطقه ۹، استاد معین، نزدیک معراج,junction
میدان ازادی,"35.70059, 51.3391361",تهران، استاد معین، نزدیک بلوار علیرضا عزیزی,junction
میدان ازادی,"35.6987233, 51.3380823",تهران، منطقه ۹، نزدیک حجاج,junction
میدان ازادی,"35.6997329, 51.3326049",تهران، منطقه ۵، شهرک اپادانا، نزدیک بزرگراه شهید لشگری,railway
میدان ازادی,"35.69975, 51.3325863",تهران، منطقه ۵، شهرک اپادانا، نزدیک بزرگراه شهید لشگری,railway
میدان ازادی,"35.6989567, 51.340719",تهران، نزدیک محمدرضا محمدخانی,junction
میدان ازادی,"35.6985396, 51.3349735",تهران، نزدیک حجاج,junction
میدان ازادی,"35.701164, 51.3332562",تهران، منطقه ۵، شهرک اپادانا، نزدیک میدان ازادی,railway
میدان ازادی,"35.6997318, 51.3397194",تهران، استاد معین، نزدیک بلوار علیرضا عزیزی,junction
میدان ازادی,"35.7018362, 51.3388539",تهران، نزدیک بلوار علیرضا عزیزی,junction
میدان ازادی,"35.7006371, 51.3362362",تهران، نزدیک معراج,junction
میدان ازادی,"35.6976138, 51.3379088",تهران، نزدیک حجاج,junction
بازارچه میدان ازادی,"35.7001828, 51.33322085881337",تهران، منطقه ۵، شهرک اپادانا، نزدیک بزرگراه شهید لشگری,amenity
ونک,"35.764663, 51.4058606",تهران، منطقه ۳,place
ونک,"35.7658948, 51.3965345",تهران، نزدیک سیول,highway
ونک,"35.7536827, 51.4084072",تهران، منطقه ۳، ونک، نزدیک ولی عصر,shop
ونک,"35.7575396, 51.4099521",تهران، منطقه ۳، ونک، نزدیک ملاصدرا,railway
ونک,"35.7595096, 51.4068641",تهران، نزدیک بزرگراه کردستان,highway
ونک,"35.7797221, 51.3481801",تهران، منطقه ۲، سرو، نزدیک بزرگراه یادگار امام,highway
ده ونک,"35.7692575, 51.3920096",تهران، نزدیک سیول,highway
ده ونک,"35.76806, 51.3945177",تهران، نزدیک میدان شیخ بهایی,highway
ونکی,"35.7634941, 51.3947607",تهران، منطقه ۳، ونک، نزدیک شیخ بهایی,highway
ونکی,"35.7635325, 51.3946897",تهران، منطقه ۳، ونک، نزدیک شیخ بهایی,highway
پونک,"35.7765922, 51.4149144",تهران، منطقه ۳، جردن - پارک ملت، نزدیک ولی عصر,highway
پونک,"35.7683578, 51.340376",تهران، منطقه ۲، پونک، نزدیک بزرگراه ایت الله اشرفی اصفهانی,highway
پونک,"35.7587908, 51.3395897",تهران، منطقه ۲، پونک، نزدیک بزرگراه ایت الله اشرفی اصفهانی,railway
ونک خیابان شاد,"35.7194819, 51.5102491",تهران، اشتیانی، نزدیک دماوند,highway
غذای خیابانی,"35.6626442, 51.3166056",تهران، منطقه ۱۸، شهرک امام خمینی، نزدیک مداین,amenity
حاج اقا خیابانی,"35.7653526, 51.2936817",تهران، منطقه ۵، شهران شمالی، نزدیک بزرگراه ابشناسان,highway
حاج اقا خیابانی,"35.7674076, 51.2943531",تهران، منطقه ۵، شهران شمالی، نزدیک بزرگراه شهید باکری,highway
حاج اقا خیابانی,"35.7672353, 51.2943099",تهران، منطقه ۵، شهران شمالی، نزدیک بزرگراه شهید باکری,highway
حاج اقا خیابانی,"35.763355, 51.2930457",تهران، منطقه ۵، شهران شمالی، نزدیک بزرگراه ابشناسان,highway
حاج اقا خیابانی,"35.7675517, 51.2943095",تهران، منطقه ۵، شهران شمالی، نزدیک بزرگراه شهید باکری,highway
حاج اقا خیابانی,"35.7633406, 51.2931914",تهران، منطقه ۵، شهران شمالی، نزدیک بزرگراه ابشناسان,highway
حمید مقدس خیابانی,"35.6759138, 51.411258",تهران، منطقه ۱۲، سنگلج، نزدیک وحدت اسلامی,highway
حمید مقدس خیابانی,"35.6760114, 51.4124497",تهران، منطقه ۱۲، سنگلج، نزدیک وحدت اسلامی,highway
حمید مقدس خیابانی,"35.6760668, 51.4090511",تهران، منطقه ۱۲، سنگلج، نزدیک وحدت اسلامی,highway
حمید مقدس خیابانی,"35.6760269, 51.4097361",تهران، منطقه ۱۲، سنگلج، نزدیک وحدت اسلامی,highway
حمید مقدس خیابانی,"35.6760102, 51.4081834",تهران، نزدیک وحدت اسلامی,highway
ساختمان خیابان نادری,"35.7430142, 51.3099",تهران، منطقه ۵، جنت اباد جنوبی، نزدیک بزرگراه شهید ستاری,office
بیابانی,"35.6612165, 51.4505382",تهران، منطقه ۱۵، طیب، نزدیک خاوران,highway
بیابانی,"35.6882902, 51.3571083",تهران، منطقه ۱۰، نزدیک امام خمینی,highway
خیابان جمهوری اسلامی,"35.6958109, 51.4004803",تهران، منطقه ۱۱، فلسطین - انقلاب، نزدیک جمهوری اسلامی,amenity
نانوایی گلشن (خیابان سمیه),"35.705316, 51.416796",تهران، منطقه ۶، ولیعصر، نزدیک حافظ,shop
نانوایی بربری خیابان صدف,"35.682358, 51.2400815",تهران، ناحیه ۱ (تهرانسر)، شهرک دریا، نزدیک کنارگذر شهید متوسلیان,shop
بازار میوه و تره بار (خیابان بهار),"35.7315215, 51.3386129",تهران، منطقه ۲، مرزداران، نزدیک بزرگراه ایت الله اشرفی اصفهانی,shop
شوریده / خیابان امام منتظر,"35.7257985, 51.3685486",تهران، منطقه ۲، تهران ویلا، نزدیک بزرگراه شیخ فضل الله نوری,amenity
موسسه اعتباری کوثر خیابان انقلاب,"35.7016976, 51.4226196",تهران، منطقه ۶، ایرانشهر، نزدیک انقلاب اسلامی,amenity
خیاطی بانوان,"35.681932, 51.486504",تهران، منطقه ۱۴، ابوذر، نزدیک محمود کریمشاهیان,shop
کریمخان خیابان قایم مقام فراهانی,"35.7224168, 51.4198541",تهران، منطقه ۶، سنایی، نزدیک بزرگراه ایت الله مدرس,building
بلوارکشاورزخیابان کبکنیان,"35.7117462, 51.4033718",تهران، منطقه ۶، کشاورز - پارک لاله، نزدیک بلوار کشاورز,office
فرامرز بیابانی,"35.6886315, 51.4790123",تهران، منطقه ۱۴، صد دستگاه، نزدیک پیروزی,highway
علیرضا بیابانی,"35.614957, 51.4927897",تهران، شهرک رضویه، نزدیک اسکندرلو,highway
رستوران وارطان (شعبه خیابان خرمشهر),"35.7355201, 51.4359938",تهران، منطقه ۷، نیلوفر، نزدیک سهروردی شمالی,restaurant
خیاطی نیره بانو,"35.6820824, 51.4863088",تهران، منطقه ۱۴، ابوذر، نزدیک محمود کریمشاهیان,office
بیمه ایران (شعبه عابدینی/خیابان پرستار),"35.6850097, 51.4830189",تهران، منطقه ۱۴، پرستار، نزدیک پرستار,office
طلاسازی اپال,"35.6689897, 51.3002937",تهران، منطقه ۱۸، هفده شهریور، نزدیک شهید خسرو میرزایی,shop
چرم منط شعبه اپال,"35.7769202, 51.3508622",تهران، منطقه ۲، سرو، نزدیک بزرگراه ایت الله هاشمی رفسنجانی,shop
مرکز تجاری اپال,"35.77706275, 51.35131518938461",تهران، منطقه ۲، سرو، نزدیک بزرگراه ایت الله هاشمی رفسنجانی,shop
شرکت اپال اسانسور ویرا,"35.7815163, 51.3473875",تهران، منطقه ۲، سرو، نزدیک بزرگراه یادگار امام,office
کافه پاپا,"35.6992926, 51.3886886",تهران، منطقه ۱۱، جمالزاده، نزدیک ازادی,cafe
کافه پاپا,"35.7592589, 51.4782231",تهران، منطقه ۴، هروی - حسین اباد، نزدیک بزرگراه زین الدین,cafe
کفش جاپا,"35.6541785, 51.3412332",تهران، منطقه ۱۸، شهرک ولیعصر شمالی، نزدیک ایت الله طالقانی,shop
اپادنا,"35.7049181, 51.3214964",تهران، منطقه ۵، کوی بیمه، نزدیک نیکخواه عشقی,highway
زاپاتا,"35.7785408, 51.4891654",تهران، منطقه ۴، هروی - حسین اباد، نزدیک بزرگراه امام علی,restaurant
زاپاتا,"35.7687949, 51.4830698",تهران، منطقه ۴، هروی - حسین اباد، نزدیک بزرگراه امام علی,restaurant
اپادنا,"35.7443451, 51.4647981",تهران، منطقه ۴، نزدیک بزرگراه صیاد شیرازی,highway
مرکز سلامت و زیبایی اپال ول بی,"35.7769554, 51.3512965",تهران، منطقه ۲، سرو، نزدیک بزرگراه ایت الله هاشمی رفسنجانی,amenity
مرکز سلامت و زیبایی اپال ول بی,"35.7773535, 51.3513807",تهران، منطقه ۲، سرو، نزدیک بلوار شهید منفرد نیاکی,amenity
پیک چاپار,"35.7512028, 51.4714988",تهران، منطقه ۴، بنی هاشم، نزدیک امیرنیا,amenity
اپادانا,"35.6927159, 51.4237194",تهران، منطقه ۱۲، فردوسی، نزدیک جمهوری اسلامی,highway
رویال,"35.6051711, 51.3518518",تهران، شهرک گلریز، نزدیک کنارگذر ازادگان,highway
رویال رز,"35.7345194, 51.4675329",تهران، منطقه ۸، مجیدیه، نزدیک علی اکبر همایی,shop
رویال پال,"35.7073556, 51.3916954",تهران، منطقه ۶، کشاورز - پارک لاله، نزدیک بلوار کشاورز,shop
تشک رویال,"35.6616633, 51.3485339",تهران، منطقه ۱۷، یافت اباد شمالی، نزدیک بزرگراه ایت الله سعیدی,shop
رویال جین,"35.6398337, 51.4047597",تهران، منطقه ۱۶، نازی اباد، نزدیک حافظ خدایاری,shop
تشک رویال,"35.6616244, 51.3486874",تهران، منطقه ۱۷، یافت اباد شمالی، نزدیک بزرگراه ایت الله سعیدی,shop
تشک رویال,"35.6913314, 51.4910085",تهران، منطقه ۱۴، ابوذر، نزدیک پیروزی,shop
رویال ارشه,"35.7233425, 51.4137155",تهران، منطقه ۶، بهجت اباد، نزدیک ولی عصر,shop
رویال دوخت,"35.6857029, 51.4117532",تهران، منطقه ۱۲، سنگلج، نزدیک امام خمینی,shop
رویال مسکن,"35.7630376, 51.3045967",تهران، منطقه ۵، جنت اباد، نزدیک بزرگراه ابشناسان,office
رویال لانژ,"35.7447294, 51.2206596",تهران، منطقه ۲۲، گلستان، نزدیک بلوار دزفول,amenity
رویال پلاس,"35.7017797, 51.3908441",تهران، منطقه ۶، جمال زاده، نزدیک کارگر شمالی,shop
رویال برگر,"35.6437181, 51.3469611",تهران، منطقه ۱۸، شهرک ولیعصر جنوبی، نزدیک بزرگراه ایت الله سعیدی,amenity
رویال پلاس,"35.7623449, 51.4145188",تهران، منطقه ۳، ونک، نزدیک بلوار میرداماد,shop
کافه رویال,"35.6125226, 51.4936973",تهران، منطقه ۱۵، شهرک رضویه، نزدیک بزرگراه نجفی رستگار,cafe
میدان بازار دوم,"35.6375847, 51.4011896",تهران، منطقه ۱۶، نزدیک نیکنام,highway
بازارچه میدان ازادی,"35.7001828, 51.33322085881337",تهران، منطقه ۵، شهرک اپادانا، نزدیک بزرگراه شهید لشگری,shop
میدان جانبازان,"35.6626823, 51.3088024",تهران، منطقه ۱۸، شمس اباد، نزدیک بلوار الغدیر,leisure
بازار روز میدان دریاچه,"35.7467648, 51.2003567",تهران، منطقه ۲۲، دریاچه، نزدیک بزرگراه همدانی,shop
میدان ازادی,"35.6998261, 51.3409008",تهران، استاد معین، نزدیک بلوار علیرضا عزیزی,junction
میدان ازادی,"35.7015819, 51.3357073",تهران,junction
میدان ازادی,"35.6988134, 51.3387406",تهران، منطقه ۹، استاد معین، نزدیک محمدرضا محمدخانی,junction
میدان ازادی,"35.6990329, 51.3393512",تهران، استاد معین، نزدیک محمدرضا محمدخانی,junction
میدان ازادی,"35.7007653, 51.3380257",تهران، منطقه ۹، نزدیک بلوار علیرضا عزیزی,junction
میدان ازادی,"35.700622, 51.3347366",تهران، نزدیک معراج,junction
میدان ازادی,"35.6979494, 51.3397298",تهران، منطقه ۹، استاد معین، نزدیک محمدرضا محمدخانی,junction
میدان ازادی,"35.6988517, 51.3359382",تهران، نزدیک معراج,junction
میدان ازادی,"35.6976764, 51.3363045",تهران، منطقه ۹، استاد معین، نزدیک حجاج,junction
میدان ازادی,"35.69970555, 51.33750394211065",تهران، نزدیک ازادی,place
میدان ازادی,"35.6996058, 51.3344415",تهران، منطقه ۹، استاد معین، نزدیک معراج,junction
میدان ازادی,"35.70059, 51.3391361",تهران، استاد معین، نزدیک بلوار علیرضا عزیزی,junction
میدان ازادی,"35.6987233, 51.3380823",تهران، منطقه ۹، نزدیک حجاج,junction
میدان ازادی,"35.6997329, 51.3326049",تهران، منطقه ۵، شهرک اپادانا، نزدیک بزرگراه شهید لشگری,railway
میدان ازادی,"35.69975, 51.3325863",تهران، منطقه ۵، شهرک اپادانا، نزدیک بزرگراه شهید لشگری,railway
میدان ازادی,"35.6989567, 51.340719",تهران، نزدیک محمدرضا محمدخانی,junction
میدان ازادی,"35.6985396, 51.3349735",تهران، نزدیک حجاج,junction
میدان ازادی,"35.701164, 51.3332562",تهران، منطقه ۵، شهرک اپادانا، نزدیک میدان ازادی,railway
میدان ازادی,"35.6997318, 51.3397194",تهران، استاد معین، نزدیک بلوار علیرضا عزیزی,junction
میدان ازادی,"35.7018362, 51.3388539",تهران، نزدیک بلوار علیرضا عزیزی,junction
میدان ازادی,"35.7006371, 51.3362362",تهران، نزدیک معراج,junction
میدان ازادی,"35.6976138, 51.3379088",تهران، نزدیک حجاج,junction
بازارچه میدان ازادی,"35.7001828, 51.33322085881337",تهران، منطقه ۵، شهرک اپادانا، نزدیک بزرگراه شهید لشگری,shop
ونک,"35.764663, 51.4058606",تهران، منطقه ۳,place
ونک,"35.7658948, 51.3965345",تهران، نزدیک سیول,highway
ونک,"35.7536827, 51.4084072",تهران، منطقه ۳، ونک، نزدیک ولی عصر,shop
ونک,"35.7575396, 51.4099521",تهران، منطقه ۳، ونک، نزدیک ملاصدرا,railway
ونک,"35.7595096, 51.4068641",تهران، نزدیک بزرگراه کردستان,highway
ونک,"35.7797221, 51.3481801",تهران، منطقه ۲، سرو، نزدیک بزرگراه یادگار امام,highway
ده ونک,"35.7692575, 51.3920096",تهران، نزدیک سیول,highway
ده ونک,"35.76806, 51.3945177",تهران، نزدیک میدان شیخ بهایی,highway
ونکی,"35.7634941, 51.3947607",تهران، منطقه ۳، ونک، نزدیک شیخ بهایی,highway
ونکی,"35.7635325, 51.3946897",تهران، منطقه ۳، ونک، نزدیک شیخ بهایی,highway
پونک,"35.7765922, 51.4149144",تهران، منطقه ۳، جردن - پارک ملت، نزدیک ولی عصر,highway
پونک,"35.7683578, 51.340376",تهران، منطقه ۲، پونک، نزدیک بزرگراه ایت الله اشرفی اصفهانی,highway
پونک,"35.7587908, 51.3395897",تهران، منطقه ۲، پونک، نزدیک بزرگراه ایت الله اشرفی اصفهانی,railway
ونک خیابان شاد,"35.7194819, 51.5102491",تهران، اشتیانی، نزدیک دماوند,highway
غذای خیابانی,"35.6626442, 51.3166056",تهران، منطقه ۱۸، شهرک امام خمینی، نزدیک مداین,amenity
حاج اقا خیابانی,"35.7653526, 51.2936817",تهران، منطقه ۵، شهران شمالی، نزدیک بزرگراه ابشناسان,highway
حاج اقا خیابانی,"35.7674076, 51.2943531",تهران، منطقه ۵، شهران شمالی، نزدیک بزرگراه شهید باکری,highway
حاج اقا خیابانی,"35.7672353, 51.2943099",تهران، منطقه ۵، شهران شمالی، نزدیک بزرگراه شهید باکری,highway
حاج اقا خیابانی,"35.763355, 51.2930457",تهران، منطقه ۵، شهران شمالی، نزدیک بزرگراه ابشناسان,highway
حاج اقا خیابانی,"35.7675517, 51.2943095",تهران، منطقه ۵، شهران شمالی، نزدیک بزرگراه شهید باکری,highway
حاج اقا خیابانی,"35.7633406, 51.2931914",تهران، منطقه ۵، شهران شمالی، نزدیک بزرگراه ابشناسان,highway
حمید مقدس خیابانی,"35.6759138, 51.411258",تهران، منطقه ۱۲، سنگلج، نزدیک وحدت اسلامی,highway
حمید مقدس خیابانی,"35.6760114, 51.4124497",تهران، منطقه ۱۲، سنگلج، نزدیک وحدت اسلامی,highway
حمید مقدس خیابانی,"35.6760668, 51.4090511",تهران، منطقه ۱۲، سنگلج، نزدیک وحدت اسلامی,highway
حمید مقدس خیابانی,"35.6760269, 51.4097361",تهران، منطقه ۱۲، سنگلج، نزدیک وحدت اسلامی,highway
حمید مقدس خیابانی,"35.6760102, 51.4081834",تهران، نزدیک وحدت اسلامی,highway
ساختمان خیابان نادری,"35.7430142, 51.3099",تهران، منطقه ۵، جنت اباد جنوبی، نزدیک بزرگراه شهید ستاری,office
بیابانی,"35.6612165, 51.4505382",تهران، منطقه ۱۵، طیب، نزدیک خاوران,highway
بیابانی,"35.6882902, 51.3571083",تهران، منطقه ۱۰، نزدیک امام خمینی,highway
خیابان جمهوری اسلامی,"35.6958109, 51.4004803",تهران، منطقه ۱۱، فلسطین - انقلاب، نزدیک جمهوری اسلامی,amenity
نانوایی گلشن (خیابان سمیه),"35.705316, 51.416796",تهران، منطقه ۶، ولیعصر، نزدیک حافظ,shop
نانوایی بربری خیابان صدف,"35.682358, 51.2400815",تهران، ناحیه ۱ (تهرانسر)، شهرک دریا، نزدیک کنارگذر شهید متوسلیان,shop
بازار میوه و تره بار (خیابان بهار),"35.7315215, 51.3386129",تهران، منطقه ۲، مرزداران، نزدیک بزرگراه ایت الله اشرفی اصفهانی,shop
شوریده / خیابان امام منتظر,"35.7257985, 51.3685486",تهران، منطقه ۲، تهران ویلا، نزدیک بزرگراه شیخ فضل الله نوری,amenity
موسسه اعتباری کوثر خیابان انقلاب,"35.7016976, 51.4226196",تهران، منطقه ۶، ایرانشهر، نزدیک انقلاب اسلامی,amenity
خیاطی بانوان,"35.681932, 51.486504",تهران، منطقه ۱۴، ابوذر، نزدیک محمود کریمشاهیان,shop
کریمخان خیابان قایم مقام فراهانی,"35.7224168, 51.4198541",تهران، منطقه ۶، سنایی، نزدیک بزرگراه ایت الله مدرس,building
بلوارکشاورزخیابان کبکنیان,"35.7117462, 51.4033718",تهران، منطقه ۶، کشاورز - پارک لاله، نزدیک بلوار کشاورز,office
فرامرز بیابانی,"35.6886315, 51.4790123",تهران، منطقه ۱۴، صد دستگاه، نزدیک پیروزی,highway
علیرضا بیابانی,"35.614957, 51.4927897",تهران، شهرک رضویه، نزدیک اسکندرلو,highway
رستوران وارطان (شعبه خیابان خرمشهر),"35.7355201, 51.4359938",تهران، منطقه ۷، نیلوفر، نزدیک سهروردی شمالی,amenity
خیاطی نیره بانو,"35.6820824, 51.4863088",تهران، منطقه ۱۴، ابوذر، نزدیک محمود کریمشاهیان,craft
بیمه ایران (شعبه عابدینی/خیابان پرستار),"35.6850097, 51.4830189",تهران، منطقه ۱۴، پرستار، نزدیک پرستار,office
اباذر,"35.6891191, 51.4035296",تهران، منطقه ۱۱، شیخ هادی، نزدیک ولی عصر,highway
اباذر,"35.6719691, 51.4523524",تهران، منطقه ۱۴، مینای جنوبی، نزدیک بزرگراه محلاتی,highway
اباذر,"35.6772413, 51.4549698",تهران، منطقه ۱۴، مینای شمالی، نزدیک زیرگذر بزرگراه امام علی,highway
اباذر,"35.7062169, 51.4554277",تهران، منطقه ۷، نظام اباد، نزدیک بزرگراه امام علی,highway
اباذر,"35.7308741, 51.3302859",تهران,place
اباذر,"35.69212, 51.4456742",تهران، منطقه ۱۲، دروازه شمیران، نزدیک هفده شهریور,amenity
اباذر,"35.7308741, 51.3302859",تهران، منطقه ۵,place
اباذر,"35.7120296, 51.4534136",تهران، منطقه ۷، گرگان، نزدیک بزرگراه امام علی,highway
باگت,"35.7275206, 51.5169112",تهران، منطقه ۸، تهران پارس، نزدیک بزرگراه شهید باقری,restaurant
فست فود باگت,"35.7694224, 51.4591904",تهران، منطقه ۴، پاسداران - ضرابخانه، نزدیک پاسداران,restaurant
رستوران باگت,"35.7719987, 51.3780733",تهران، منطقه ۲، دریا، نزدیک بلوار سعادت اباد,restaurant
رستوران باگت,"35.7719584, 51.3780999",تهران، منطقه ۲، دریا، نزدیک بلوار سعادت اباد,restaurant
ازادی,"35.6940316, 51.3927344",تهران، منطقه ۱۱، اذربایجان، نزدیک کارگر جنوبی,highway
ازادی,"35.7865094, 51.4631896",تهران، منطقه ۳، اختیاریه، نزدیک اختیاریه جنوبی,highway
ازادی,"35.6466111, 51.3000983",تهران، منطقه ۱۸، یافت اباد جنوبی، نزدیک عبدالرضا قربانی,highway
ازادی,"35.7693357, 51.4808855",تهران، منطقه ۴، هروی - حسین اباد، نزدیک بزرگراه امام علی,highway
ازادی,"35.6656663, 51.4144613",تهران، تختی، نزدیک خیام جنوبی,highway
ازادی,"35.6904762, 51.3420161",تهران، منطقه ۹، نزدیک بزرگراه ایت الله سعیدی,highway
ازادی,"35.7143978, 51.4506143",تهران، منطقه ۷، خواجه نظام الملک، نزدیک بزرگراه صیاد شیرازی,highway
ازادی,"35.6351034, 51.4913813",تهران، منطقه ۱۵، اسلام اباد - والفجر، نزدیک بلوار قایم,highway
ازادی,"35.7156171, 51.1839304",تهران، منطقه ۲۱، چیتگر، نزدیک بلوار ایران خودرو,highway
میدان صنعت,"35.7543831, 51.3679617",تهران، منطقه ۲، شهرک غرب، نزدیک بزرگراه شیخ فضل الله نوری,railway
میدان صنعت,"35.7536358, 51.3686629",تهران، منطقه ۲، شهرک غرب، نزدیک بزرگراه شیخ فضل الله نوری,railway
فرودگاه مهراباد,"35.6972924, 51.3227338",تهران، منطقه ۹، فرودگاه مهراباد، نزدیک بزرگراه شهید لشگری,highway
فرودگاه مهراباد,"35.6942674, 51.3255742",تهران، منطقه ۹، فرودگاه مهراباد,highway
فرودگاه مهراباد,"35.699145, 51.3216408",تهران، منطقه ۹، نزدیک بزرگراه شهید لشگری,highway
فرودگاه مهر اباد ۴و۶,"35.6877903, 51.3315877",تهران، منطقه ۹، فرودگاه مهراباد، نزدیک حجاج,office
فرودگاه مهراباد,"35.699181, 51.3230747",تهران، منطقه ۹ شهر تهران، نزدیک بزرگراه شهید لشگری,highway
فرودگاه مهراباد,"35.6880754, 51.3136278",تهران، منطقه ۹,place
فرودگاه مهراباد,"35.6942944, 51.3250687",تهران، منطقه ۹، فرودگاه مهراباد، نزدیک بزرگراه شهید لشگری,highway
فرودگاه مهراباد,"35.6974376, 51.3227648",تهران، منطقه ۹، فرودگاه مهراباد، نزدیک بزرگراه شهید لشگری,highway
ولی عصر,"35.7227266, 51.409483",تهران، منطقه ۶، نزدیک سید جمال الدین اسدابادی,highway
ولی عصر,"35.7120565, 51.4071531",تهران، منطقه ۶، بهجت اباد، نزدیک سازش,highway
ولی عصر,"35.6696158, 51.4577421",تهران، منطقه ۱۴، شاهین، نزدیک بزرگراه محلاتی,highway
ولی عصر,"35.7012629, 51.4052116",تهران، نزدیک برادران مظفر,highway
ولی عصر,"35.7156922, 51.4615138",تهران، منطقه ۷، شاهد، نزدیک بزرگراه امام علی,highway
ولی عصر,"35.7237704, 51.4102158",تهران، منطقه ۶، یوسف اباد، نزدیک شهید فتحی شقاقی,highway
ولی عصر,"35.7569609, 51.4101702",تهران، منطقه ۳، ونک، نزدیک برزیل شرقی,highway
ولی عصر,"35.6668946, 51.3308459",تهران، منطقه ۱۸، حسینی، نزدیک چهل و پنج متری زرند,highway
ولی عصر,"35.5905211, 51.3826345",تهران,amenity
ولی عصر,"35.6666147, 51.3627281",تهران، منطقه ۱۷، امام زاده حسن، نزدیک قزوین,highway
صادقیه,"35.717839, 51.3311651",تهران، منطقه ۵، فردوس، نزدیک بزرگراه محمدعلی جناح,railway
صادقیه,"35.7206999, 51.3354842",تهران، منطقه ۵، فردوس، نزدیک بزرگراه محمدعلی جناح,bus_station
صادقیه,"35.6719051, 51.4415797",تهران، منطقه ۱۲، قیام، نزدیک بزرگراه محلاتی,highway
صادقیه,"35.7211465, 51.3451691",تهران,place
صادقیه,"35.71783205, 51.330913120644844",تهران، منطقه ۵، فردوس، نزدیک بزرگراه محمدعلی جناح,railway
صادقیه,"35.7179, 51.33090218374207",تهران، منطقه ۵، فردوس، نزدیک بزرگراه محمدعلی جناح,railway
صادقیه,"35.7211465, 51.3451691",تهران، منطقه ۲,place
اشرفی اصفهانی,"35.7360887, 51.3318177",تهران، منطقه ۵، اباذر، نزدیک بزرگراه ایت الله اشرفی اصفهانی,railway
اشرفی اصفهانی ۱,"35.6434887, 51.4962961",تهران، منطقه ۱۵، اسلام اباد - والفجر، نزدیک سعید غلامی,highway
اشرفی اصفهانی,"35.7508762, 51.3314105",تهران، منطقه ۵، باغ فیض، نزدیک بزرگراه شهید همت,amenity
اشرفی اصفهانی,"35.6434437, 51.4996367",تهران، منطقه ۱۵، اسلام اباد - والفجر، نزدیک کوهسار,highway
اشرفی اصفهانی ۱,"35.6437202, 51.4967606",تهران، اسلام اباد - والفجر، نزدیک سعید غلامی,highway
اشرفی اصفهانی,"35.6435024, 51.4990714",تهران، منطقه ۱۵، نزدیک بلوار خاتم الانبیا,highway
ایت اله اشرفی اصفهانی,"35.6941029, 51.2432064",تهران، منطقه ۲۱، شهرک استقلال، نزدیک بزرگراه ایت اله مهدوی کنی,highway
مرزداران,"35.7327101, 51.3406203",تهران، منطقه ۲,place
مرزداران,"35.7343535, 51.35892",تهران، منطقه ۲، شهرک ازمایش، نزدیک بلوار مرزداران,railway
مرزداران,"35.7344246, 51.3594728",تهران، منطقه ۲، پردیسان، نزدیک بلوار مرزداران,railway
مرزداران,"35.7327101, 51.3406203",تهران,place
پل مرزداران,"35.7346745, 51.3477011",تهران، منطقه ۲، پردیسان,place
پل مرزداران,"35.7346773, 51.3476563",تهران، منطقه ۲، مرزداران، نزدیک بلوار مرزداران,place
پلاک (مرزداران),"35.736, 51.338",تهران، منطقه ۲، مرزداران، نزدیک بلوار مرزداران,restaurant
مرزداران غربی,"35.738556, 51.3392797",تهران، منطقه ۲,place
مرزداران شرقی,"35.7376736, 51.3554056",تهران، منطقه ۲,place
سعادت اباد,"35.7860955, 51.3781445",تهران، منطقه ۲,place
سعادت اباد,"35.7775182, 51.358158",تهران، منطقه ۲، سرو، نزدیک بزرگراه ایت الله هاشمی رفسنجانی,shop
شهرک غرب,"35.7590609, 51.3760422",تهران، منطقه ۲,place
سرای محله شهرک غرب,"35.76657045, 51.377676699999995",تهران، منطقه ۲، شهرک غرب، نزدیک بلوار دادمان,office
شهر کتاب,"35.7233749, 51.5215579",تهران، اشتیانی، نزدیک دماوند,shop
شهر کتاب,"35.7712495, 51.3061436",تهران، منطقه ۵، جنت اباد شمالی، نزدیک بلوار انصارالمهدی,shop
شهر کتاب,"35.6489446, 51.4190733",تهران، منطقه ۱۶، باغ اذری، نزدیک بزرگراه بعثت,shop
شهر کتاب,"35.7631279, 51.4572197",تهران، منطقه ۴، پاسداران - ضرابخانه، نزدیک پاسداران,shop
شهر کتاب,"35.6888284, 51.4791173",تهران، منطقه ۱۴، پرستار، نزدیک پیروزی,shop
شهر کتاب,"35.69793005, 51.3407682",تهران، منطقه ۹، استاد معین، نزدیک میدان ازادی,shop
شهر کتاب,"35.761646, 51.4505348",تهران، منطقه ۳، حسینیه ارشاد - قبا، نزدیک پاسداران,shop
شهر کتاب,"35.739779, 51.5324133",تهران، منطقه ۴، تهرانپارس غربی، نزدیک بلوار ایت الله خوشوقت,shop
شهر کتاب,"35.729976, 51.4930834",تهران، منطقه ۸، هفت حوض، نزدیک میدان نبوت,shop
کافه ویونا,"35.7150688, 51.4218995",تهران، منطقه ۶، ایرانشهر، نزدیک کریم خان زند,cafe
کافه ویونا,"35.7645934, 51.3058341",تهران، منطقه ۵، جنت اباد، نزدیک بزرگراه ابشناسان,cafe
کافه ویونا,"35.738581, 51.3136627",تهران، منطقه ۵، باغ فیض، نزدیک بزرگراه شهید ستاری,cafe
کافه ویونا,"35.7520056, 51.4317163",تهران، منطقه ۳، اراضی عباس اباد، نزدیک بزرگراه شهید همت,cafe
کافه ویونا,"35.7660331, 51.3547368",تهران، منطقه ۲، درختی، نزدیک بلوار درختی,cafe
کافه ویونا,"35.7698182, 51.4597306",تهران، منطقه ۴، پاسداران - ضرابخانه، نزدیک پاسداران,cafe
کافه ویونا پلاس,"35.7573179, 51.4173651",تهران، منطقه ۳، ونک، نزدیک بزرگراه شهید حقانی,cafe
ویونا,"35.7896548, 51.3750129",تهران، منطقه ۲، سعادت اباد، نزدیک بزرگراه یادگار امام,cafe
فلکه اول صادقیه,"35.7218998, 51.3400097",تهران، منطقه ۲، نزدیک گلناز دهم,highway
فلکه دوم صادقیه,"35.7219861, 51.3355842",تهران، منطقه ۲، نزدیک بلوار شهدای صادقیه,junction
فلکه دوم صادقیه,"35.721816, 51.3352527",تهران، نزدیک بلوار شهدای صادقیه,junction
فلکه دوم صادقیه,"35.722478, 51.3352292",تهران، نزدیک سازمان اب,junction
فلکه دوم صادقیه,"35.722086, 51.334826",تهران، نزدیک سازمان اب,junction
فلکه دوم صادقیه,"35.7222369, 51.3356199",تهران، صادقیه، نزدیک سازمان اب,junction
فلکه اول صادقیه,"35.7217937, 51.341865",تهران، منطقه ۲، نزدیک گلناز دهم,highway
فلکه اول صادقیه,"35.7214534, 51.3408194",تهران، منطقه ۲، صادقیه، نزدیک رحیمی,highway
فلکه اول شهران,"35.7628474, 51.2899411",تهران، منطقه ۵، شهران شمالی,place
فلکه اول شهران,"35.7631178, 51.2899563",تهران، منطقه ۵، شهران شمالی، نزدیک بزرگراه ابش...,junction
فلکه اول شهران,"35.7626, 51.2901634",تهران، منطقه ۵، نزدیک بزرگراه ابشناسان,junction
پاساژ ارش,"35.7584937, 51.4416721",تهران، منطقه ۳، میرداماد، نزدیک میرداماد,shop
پاساژ ارش,"35.767872, 51.4327894",تهران، منطقه ۳، زرگنده، نزدیک محمدعلی راجیان,shop
پاساژ نور,"35.66759, 51.4562317",تهران، منطقه ۱۴، شاهین، نزدیک بزرگراه محلاتی,shop
پاساژ نور,"35.6892942, 51.4223758",تهران، منطقه ۱۲، فردوسی، نزدیک میدان امام خمینی,shop
پاساژ نور,"35.6571968, 51.4275982",تهران، منطقه ۱۶، باغ اذری، نزدیک شوش,shop
مرکز خرید ایرانیان,"35.6950604, 51.411072",تهران، منطقه ۱۱، شیخ هادی، نزدیک جمهوری اسلامی,shop
مرکز خرید سرای ایرانی,"35.6374121, 51.4861736",تهران، منطقه ۱۵، اسلام اباد - والفجر، نزدیک بز...,shop
مرکز خرید سرای ایرانی,"35.6357406, 51.4864688",تهران، منطقه ۱۵، اسلام اباد - والفجر، نزدیک بز...,shop
مرکز خرید سرای ایرانی,"35.6365952, 51.486299",تهران، منطقه ۱۵، اسلام اباد - والفجر، نزدیک بز...,shop
مرکز خرید سرای ایرانی,"35.6357595, 51.4867716",تهران، منطقه ۱۵، اسلام اباد - والفجر، نزدیک بز...,shop
ایران مال,"35.7538851, 51.1925457",تهران، منطقه ۲۲، سرو ازاد، نزدیک بزرگراه خرازی,shop
ایران مال,"35.755047, 51.1917601",تهران، نزدیک بزرگراه خرازی,highway
باغ ایرانی ایران مال,"35.7542854, 51.19251819381943",تهران، منطقه ۲۲، نزدیک بزرگراه خرازی,leisure
هتل ایران مال,"35.754317549999996, 51.19455093817781",تهران، منطقه ۲۲، سرو ازاد، نزدیک بزرگراه خرازی,tourism
باغ ملل ایران مال,"35.7526923, 51.1891983",تهران، منطقه ۲۲، سرو ازاد، نزدیک بزرگراه خرازی,leisure
ایران مالیات,"35.6612823, 51.3147972",تهران، منطقه ۱۸، شهرک امام خمینی، نزدیک مداین,office
اقای فرش ایران مال,"35.755549, 51.1939349",تهران، منطقه ۲۲، سرو ازاد، نزدیک بزرگراه خرازی,shop
ورودی ایران مال,"35.756151, 51.1946368",تهران، منطقه ۲۲، سرو ازاد، نزدیک بزرگراه خرازی,highway
ورودی ایران مال,"35.7579293, 51.1977267",تهران، منطقه ۲۲، نزدیک بزرگراه خرازی,highway
تجریشی,"35.7174844, 51.4754567",تهران، منطقه ۸، تسلیحات، نزدیک حسن پورمحمد,highway
تجریشی,"35.7205642, 51.4754987",تهران، منطقه ۸، تسلیحات، نزدیک ایت الله مدنی,highway
تجریشی,"35.6978457, 51.4430075",تهران، منطقه ۱۲، دروازه شمیران، نزدیک انقلاب ا...,highway
تجریشی,"35.6991274, 51.4502512",تهران، صفا، نزدیک هفده شهریور,highway
عدل,"35.6919912, 51.3876284",تهران، منطقه ۱۱، حر، نزدیک امام خمینی,highway
عدل,"35.7667944, 51.3892036",تهران، منطقه ۳، ونک، نزدیک بزرگراه شهید چمران,highway
عدل,"35.7025527, 51.435051",تهران، منطقه ۷، خواجه نصیر، نزدیک پل روشندلان,highway
عدل,"35.7706819, 51.4724878",تهران، منطقه ۴، هروی - حسین اباد، نزدیک بزرگرا...,highway
عدل,"35.6971619, 51.44781",تهران، منطقه ۱۲، دروازه شمیران، نزدیک هفده شهریور,highway
عدل,"35.7516166, 51.327253",تهران، منطقه ۵، پونک، نزدیک بزرگراه شهید همت,railway
عدل,"35.7666364, 51.389288",تهران، منطقه ۳، ونک، نزدیک بزرگراه شهید چمران,highway
عدل,"35.775209, 51.4534147",تهران، نزدیک احمد یارمحمدی,highway
عدل,"35.7424884, 51.3346381",تهران، شهرک هما، نزدیک بزرگراه ایت الله اشرفی ...,highway
عدل,"35.6972021, 51.4469851",تهران، منطقه ۱۲، دروازه شمیران، نزدیک هفده شهریور,highway
عدل,"35.7151103, 51.3865654",تهران، منطقه ۶، نزدیک فاطمی,highway
عدل,"35.6972134, 51.4470872",تهران، منطقه ۱۲، دروازه شمیران، نزدیک هفده شهریور,highway
عدل,"35.6424347, 51.3573526",تهران، منطقه ۱۷، زهتابی، نزدیک بزرگراه ایت الل...,highway
کارگر,"35.6388211, 51.4094802",تهران، منطقه ۱۶ شهر تهران، نازی اباد، نزدیک شه...,highway
کارگر,"35.6449077, 51.4846096",تهران، منطقه ۱۵، بلوار ابوذر - اهنگ، نزدیک بزر...,highway
کارگر,"35.6873257, 51.3427153",تهران، منطقه ۹، دستغیب، نزدیک بزرگراه ایت الله...,highway
کارگر,"35.6266904, 51.4122357",تهران، منطقه ۱۶، تختی، نزدیک بزرگراه شهید رجایی,highway
کارگر,"35.6708207, 51.3673147",تهران، منطقه ۱۰، سلیمانی - تیموری، نزدیک قزوین,highway
کارگر,"35.7153235, 51.3895606",تهران، منطقه ۶، دکتر شهید سیدحسین فاطمی، نزدیک...,railway
کارگر,"35.7144491, 51.3893823",تهران، منطقه ۶، دکتر شهید سیدحسین فاطمی، نزدیک...,railway
کارگر,"35.6508801, 51.4528525",تهران، منطقه ۱۵، ولیعصر - بیسیم، نزدیک حاج اسم...,highway
علی کارگر,"35.6741613, 51.3591221",تهران، جی، نزدیک سبحانی,highway
علی کارگر,"35.6738511, 51.360406",تهران، منطقه ۱۰، سلیمانی - تیموری، نزدیک سبحانی,highway
کارگران,"35.6431008, 51.3551912",تهران، منطقه ۱۷، نزدیک بزرگراه ایت الله سعیدی,highway
کارگر جنوبی,"35.6815311, 51.3937327",تهران، منطقه ۱۱، مخصوص، نزدیک هاشم معیری,highway
کارگر جنوبی,"35.6654667, 51.3958531",تهران، منطقه ۱۱، گمرک، نزدیک عبدالمجید ایروانی,highway
انقلاب,"35.6554043, 51.3330687",تهران، منطقه ۱۸، بهداشت، نزدیک بلوار معلم,highway
انقلاب,"35.7422247, 51.1344427",تهران، منطقه ۲۱، ورداورد، نزدیک مطهری,highway
انقلاب,"35.7426577, 51.5584437",تهران، منطقه ۴، گلشن، نزدیک بیست و دوم بهمن,highway
انقلاب,"35.6390562, 51.3647049",تهران، منطقه ۱۹، عبدل اباد، نزدیک بزرگراه چراغی,highway
انقلاب,"35.6751745, 51.606878",تهران، نزدیک کوهستان غربی,highway
انقلاب,"35.7665025, 51.3872574",تهران، منطقه ۲، دریا، نزدیک بزرگراه شهید چمران,highway
انقلاب,"35.7406027, 51.5153788",تهران، منطقه ۴، علم و صنعت، نزدیک والاییان,highway
انقلاب,"35.7492998, 51.5615522",تهران، منطقه ۴، نزدیک بزرگراه زین الدین,highway
انقلاب,"35.6404033, 51.3674445",تهران، منطقه ۱۹، نزدیک بزرگراه چراغی,highway
انقلاب,"35.6481528, 51.3097766",تهران، منطقه ۱۸، یافت اباد جنوبی، نزدیک میدان ...,highway
انقلاب,"35.6492056, 51.4687266",تهران، منطقه ۱۵، هاشم اباد، نزدیک خاوران,highway
انقلاب,"35.6395467, 51.3658803",تهران، منطقه ۱۹، نزدیک بزرگراه چراغی,highway
انقلاب,"35.638685, 51.3641211",تهران، منطقه ۱۹، عبدل اباد، نزدیک بزرگراه چراغی,highway
انقلاب,"35.7385215, 51.1354685",تهران، منطقه ۲۱، ورداورد، نزدیک رجب علی,highway
انقلاب,"35.7200975, 51.4629441",تهران، ارامنه، نزدیک بزرگراه امام علی,highway
انقلاب,"35.6391409, 51.364835",تهران، منطقه ۱۹ شهر تهران، نزدیک بزرگراه چراغی,highway
انقلاب,"35.6555876, 51.2687489",تهران، منطقه ۱۸، خلیج فارس، نزدیک کنارگذر ازادگان,highway
انقلاب,"35.6395229, 51.3658253",تهران، منطقه ۱۹، عبدل اباد، نزدیک بزرگراه چراغی,highway
انقلاب,"35.6883988, 51.4311908",تهران، منطقه ۱۲، بهارستان، نزدیک مصطفی خمینی,highway
انقلاب,"35.6391406, 51.3647705",تهران، منطقه ۱۹، عبدل اباد، نزدیک بزرگراه چراغی,highway
انقلاب,"35.7433438, 51.4763892",تهران، منطقه ۴، شمس اباد، نزدیک بزرگراه شهید س...,highway
انقلاب,"35.6391251, 51.3649629",تهران، منطقه ۱۹ شهر تهران، عبدل اباد، نزدیک بز...,highway
انقلاب,"35.7330625, 51.1343723",تهران، منطقه ۲۱، ورداورد، نزدیک کنارگذر لشگری,highway
انقلاب,"35.6380324, 51.3627721",تهران، منطقه ۱۹ شهر تهران، نزدیک بزرگراه چراغی,highway
انقلاب,"35.7071125, 51.3624981",تهران، منطقه ۲، شادمان، نزدیک بزرگراه یادگار امام,highway
امید انقلاب,"35.6525489, 51.3577644",تهران، منطقه ۱۷، سجاد، نزدیک حیدر اخلاقی,amenity
پیام انقلاب,"35.6889993, 51.4095849",تهران، منطقه ۱۱، شیخ هادی، نزدیک حافظ,highway
میدان انقلاب,"35.7011532, 51.3924621",تهران، منطقه ۶، دانشگاه تهران، نزدیک انقلاب اس...,railway
میدان انقلاب,"35.7009281, 51.3911556",تهران، منطقه ۶، دانشگاه تهران، نزدیک میدان انق...,tourism
میدان انقلاب اسلامی,"35.7011762, 51.392437",تهران، منطقه ۶، دانشگاه تهران، نزدیک انقلاب اس...,railway
میدان انقلاب اسلامی,"35.7009324, 51.3911733",تهران، نزدیک شهدای ژاندارمری,place
میدان انقلاب اسلامی,"35.7009324, 51.3911733",تهران، منطقه ۶، دانشگاه تهران,place
میدان انقلاب اسلامی,"35.7009387, 51.39194",تهران، منطقه ۶، دانشگاه تهران، نزدیک انقلاب اس...,railway
میدان انقلاب اسلامی,"35.70094055, 51.391172880436116",تهران، نزدیک شهدای ژاندارمری,junction